Application ID,Long,Lat,Coordination,Address
2,106.6724335,10.7898161,"106.67243348213263,10.789816101892798","Phú Nhuận,Hồ Chí Minh"
3,0,0,"0,0","Gò Vấp,Hồ Chí Minh"
4,106.6803039,10.80657728,"106.68030393818181,10.806577278696139","Phú Nhuận,Hồ Chí Minh"
5,0,0,"0,0","Bình Thạnh,Hồ Chí Minh"
6,0,0,"0,0","Thống Nhất,Đồng Nai"
7,106.664329,10.75520108,"106.66432897338268,10.755201075415764","Thị Trấn Củ Chi,Củ Chi HCM"
8,0,0,"0,0","Thị Xã Đức Phổ,C"
9,108.2021783,16.0770248,"108.2021783,16.0770248","Thanh Khê,Đà Nẵng"
10,108.1641025,16.0690798,"108.16410250652451,16.06907979745816","Hòa Vang,Đà Nẵng"
12,0,0,"0,0","Phú Riềng,Bình Phước"
13,0,0,"0,0","Bình Tân,Vĩnh Long"
14,108.2267069,16.01832404,"108.22670694582573,16.018324037862108","Hội An,Quảng Nam"
15,0,0,"0,0","Long Mỹ,Hậu Giang"
16,0,0,"0,0","Quốc Oai,Hà Nội"
17,106.6507937,10.7678591,"106.6507937,10.7678591","11,Hồ Chí Minh"
18,0,0,"0,0","Chương Mỹ,Hà Nội"
19,108.1692819,16.05951224,"108.1692819470919,16.059512239539387","Liên Chiểu,Đà Nẵng"
20,106.8597445,11.42359762,"106.8597445127298,11.423597620333602","Đồng Phú,Bình Phước"
21,107.4606355,11.0271892,"107.4606355,11.0271892","Đức Linh,Bình Thuận"
22,0,0,"0,0","Lập Thạch,Vĩnh Phúc"
7,0,0,"0,0","Ba Vì,Hà Nội"
23,0,0,"0,0","Ba Vì,Hà Nội"
24,105.8540791,21.00942522,"105.85407906928309,21.00942522055319","Hai Bà Trưng,Hà Nội"
25,0,0,"0,0","Nam Trực,Nam Định"
26,105.769674,10.022316,"105.769674,10.022316","Ninh Kiều,Cần Thơ"
27,108.1635228,16.067197,"108.1635228,16.067197","Nam Giang,Quảng Nam"
28,0,0,"0,0","Hải Châu,Đà Nẵng"
29,106.5800776,10.83157685,"106.58007762973426,10.83157685340769","Bình Chánh,Hồ Chí Minh"
30,106.7366875,10.9074447,"106.7366875,10.9074447","Thuận An,Bình Dương"
31,106.7182465,10.73219299,"106.7182464599609,10.732192993164059","Buôn Ma Thuột,Đắk Lắk"
32,108.7602688,15.0306816,"108.7602688,15.0306816","Minh Long,Quảng Ngãi"
33,105.8552,21.0242,"105.8552,21.0242","Thanh Xuân,Hà Nội"
34,105.7996846,20.96364092,"105.79968456877373,20.963640921446306","Hưng Hà,Thái Bình"
35,0,0,"0,0","Bình Sơn,Quảng Ngãi"
36,106.7769505,10.9916933,"106.7769505,10.9916933","Thị Xã Tân Uyên,Bình Dương"
37,0,0,"0,0","5,Hồ Chí Minh"
38,0,0,"0,0","Ninh Kiều,Cần Thơ"
39,106.6948881,10.7902531,"106.6948881,10.7902531","Buôn Ma Thuột,Đắk Lắk"
40,0,0,"0,0","Hồng Dân,Bạc Liêu"
41,0,0,"0,0","Biên Hòa,Đồng Nai"
42,105.5911397,21.2774101,"105.5911397,21.2774101","Yên Lạc,Vĩnh Phúc"
43,0,0,"0,0","Phù Ninh,Phú Thọ"
44,0,0,"0,0","Biên Hòa,Đồng Nai"
45,106.1286189,11.2862754,"106.1286189,11.2862754","Hòa Thành,Tây Ninh"
46,0,0,"0,0","1,Hồ Chí Minh"
47,0,0,"0,0","Đô Lương,Nghệ An"
48,105.798519,20.9634621,"105.798519,20.9634621","Đông Hưng,Thái Bình"
49,105.7013785,18.6842235,"105.7013785,18.6842235","Nghi Xuân,Hà Tĩnh"
50,106.7291545,10.71535892,"106.72915450708835,10.715358915674207","Bình Thạnh,Hồ Chí Minh"
51,105.8307246,21.00644223,"105.83072460781673,21.0064422254846","Thường Tín,Hà Nội"
52,105.8591617,21.0044728,"105.85916172022888,21.00447280169023","Mê Linh,Hà Nội"
53,0,0,"0,0","Vũng Tàu,Bà Rịa - Vũng Tàu"
54,0,0,"0,0","Tân Bình,Hồ Chí Minh"
55,106.6813319,10.8206971,"106.6813319,10.8206971","Q1,Hồ Chí Minh"
56,108.0994371,10.93771264,"108.09943713710284,10.937712642313613","Phan Thiết,Bình Thuận"
57,105.8341598,21.0277644,"105.8341598,21.0277644","Hà Đông,Hà Nội"
58,106.6594086,10.7979642,"106.6594086,10.7979642","Hòa Thành,Tây Ninh"
59,105.0950882,9.977036526,"105.09508815483784,9.977036526337914","Rạch Giá,Kiên Giang"
60,105.3396712,18.7360656,"105.3396712,18.7360656","Thanh Chương,Nghệ An"
61,0,0,"0,0","Thuận An,Bình Dương"
62,0,0,"0,0","Chương Mỹ,Hà Nội"
63,0,0,"0,0","Thanh Xuân,Hà Nội"
64,105.4895164,19.3280867,"105.4895164,19.3280867","Nghĩa Đàn,Nghệ An"
65,105.8865152,21.2860928,"105.8865152,21.2860928","Gia Lâm,Hà Nội"
66,105.8523213,20.97836665,"105.85232126990522,20.97836664557911","Hoàng Mai,Hà Nội"
67,105.9626792,20.24803372,"105.96267920264268,20.24803371680084","Ninh Bình,Ninh Binh"
68,0,0,"0,0","Chơn Thành,Bình Phước"
69,106.6615429,10.8323844,"106.6615429,10.8323844","Gò Vấp,Hồ Chí Minh"
70,0,0,"0,0","Hoàng Mai,Hà Nội"
71,0,0,"0,0","Cầu Giấy,Hà Nội"
72,105.8030025,21.00300205,"105.8030024983359,21.003002047507586","Lê Chân,Hải Phòng"
73,105.8174315,21.02644119,"105.81743152398174,21.026441194799894","Tây Hồ,Hà Nội"
74,106.3900518,20.72972885,"106.39005179092972,20.729728845816435","Ninh Giang,Hải Dương"
75,106.5646494,10.62201726,"106.56464942409578,10.622017264940029","Cần Đước,Long An"
76,105.6556201,18.7316287,"105.6556201,18.7316287","Quỳ Hợp,Nghệ An"
77,0,0,"0,0","Tân Bình,Hồ Chí Minh"
78,0,0,"0,0","Châu Thành,Tây Ninh"
80,105.6682811,18.664011,"105.6682811,18.664011","Hưng Nguyên,Nghệ An"
81,0,0,"0,0","Nam Từ Liêm,Hà Nội"
82,0,0,"0,0","Vinh,Nghệ An"
83,0,0,"0,0","Phúc Yên,Vĩnh Phúc"
84,0,0,"0,0","Ba Đình,Hà Nội"
85,0,0,"0,0","Phú Xuyên,Hà Nội"
86,0,0,"0,0","Thạch Thất,Hà Nội"
87,105.8645483,21.0001832,"105.8645483,21.0001832","HBT,Hà Nội"
88,106.8271193,10.9531522,"106.8271193,10.9531522","Biên Hòa,Đồng Nai"
89,0,0,"0,0","Hạ Long,Quảng Ninh"
90,0,0,"0,0","Nga Sơn,Thanh Hóa"
91,105.9637948,21.05888121,"105.96379480144387,21.058881210409606","Gia Lâm,Hà Nội"
92,0,0,"0,0","Hoàng Mai,Hà Nội"
93,0,0,"0,0","ĐĐa,Hà Nội"
94,106.4170397,21.076372,"106.4170397,21.076372","Chí Linh,Hải Dương"
95,105.560019,19.2933052,"105.560019,19.2933052","Quỳnh Lưu,Nghệ An"
96,0,0,"0,0","Bắc Giang,Bắc Giang"
97,0,0,"0,0","Biên Hòa,Đồng Nai"
98,0,0,"0,0","Châu Thành,Tiền Giang"
99,106.6796835,10.7392966,"106.6796835,10.7392966","8,Hồ Chí Minh"
100,0,0,"0,0","Hà Đông,Hà Nội"
101,0,0,"0,0","Nam Từ Liêm,Hà Ni"
102,0,0,"0,0","Thống Nhất,Đồng Nai"
103,105.8562439,20.99752876,"105.85624390273053,20.997528756046965","Hai Bà Trưng,Hà Nội"
104,105.7564156,21.5587771,"105.7564156,21.5587771","Thái Nguyên,Thái Nguyên"
105,0,0,"0,0","Nam Sách,Hải Dương"
106,106.2899773,18.0753448,"106.2899773,18.0753448","Thị Xã Kỳ Anh,Hà Tĩnh"
107,106.7269044,10.72305741,"106.7269044048087,10.723057405139237","Pleiku,Gia Lai"
108,106.4918396,20.2652252,"106.4918396,20.2652252","Giao Thủy,Nam Định"
109,105.7226752,20.9846272,"105.7226752,20.9846272","Hoài Đức,Hà Nội"
110,105.7602329,21.03570564,"105.7602328780858,21.035705635664236","Nam Từ Liêm,Hà Nội"
111,105.86024,21.0164559,"105.86024,21.0164559","Hà Đông,Hà Nội"
112,106.690683,10.7668938,"106.690683,10.7668938","1,Hồ Chí Minh"
113,0,0,"0,0","Tây Hồ,Hà Nội"
114,0,0,"0,0","Cẩm Khê,Phú Thọ"
115,106.8990464,11.5310592,"106.8990464,11.5310592","Đồng Xoài,Bình Phước"
116,106.4514804,21.12963219,"106.45148043255628,21.129632186532945","Chí Linh,Hải Dương"
117,106.6450702,10.7848859,"106.6450702,10.7848859","Tân Phú,Hồ Chí Minh"
118,104.9165824,11.5376128,"104.9165824,11.5376128","7,Hồ Chí Minh"
119,105.7880787,21.07569422,"105.7880786589127,21.075694223590666","Bắc Từ Liêm,Hà Nội"
120,106.7140018,10.87138005,"106.71400178445,10.871380054012086","Thủ Đức,Hồ Chí Minh"
121,0,0,"0,0","Long Biên,Hà Nội"
122,105.8064282,21.0286381,"105.8064282,21.0286381","ĐĐa,Hà Nội"
123,106.1535802,20.4168361,"106.1535802,20.4168361","Nam Định,Nam Định"
124,0,0,"0,0","Thủ Đức,Hồ Chí Minh"
125,0,0,"0,0","Bỉm Sơn,Thanh Hóa"
126,0,0,"0,0","Sơn La,Sơn La"
127,105.8279425,21.01695347,"105.82794246690595,21.016953470372393","Đống Đa,Hà Nội"
128,105.4361,10.3874,"105.4361,10.3874","Long Xuyên,An Giang"
129,105.8588662,21.0041038,"105.8588662,21.0041038","Hương Sơn,Hà Tĩnh"
130,0,0,"0,0","Hạ Long,Quảng Ninh"
131,0,0,"0,0","Thị Xã Từ Sơn,Bắc Ninh"
132,104.0025655,22.4408282,"104.0025655,22.4408282","Thị Xã Sa Pa,Lào Cai"
133,0,0,"0,0","HBT,Hà Nội"
134,0,0,"0,0","Gia Lâm,Hà Nội"
135,106.6851884,10.8069017,"106.6851884,10.8069017","Bình Thạnh,Hồ Chí Minh"
136,106.1893613,21.3115252,"106.1893613,21.3115252","Bắc Giang,Bắc Giang"
137,105.8672371,20.99942303,"105.86723709237529,20.999423028077306","Đống Đa,Hà Nội"
138,108.2445296,16.0309007,"108.2445296177976,16.030900698271367","Ngũ Hành Sơn,Đà Nẵng"
139,108.1208,10.9398,"108.1208,10.9398","Phan Thiết,Bình Thuận"
140,106.6717014,10.81380039,"106.67170141891008,10.813800386636533","Phan Rang-Tháp Chàm,Ninh Thuận"
141,106.7277508,10.7886524,"106.7277508,10.7886524","2,Hồ Chí Minh"
142,106.6454129,10.84533201,"106.64541294545499,10.845332013446361","Gò Vấp,Hồ Chí Minh"
143,0,0,"0,0","Yên Mỹ,Hưng Yên"
144,114.1211136,22.3182848,"114.1211136,22.3182848","Đan Phượng,Hà Nội"
145,0,0,"0,0","Gò Vấp,Hồ Chí Minh"
146,0,0,"0,0","Hạ Long,Quảng Ninh"
147,0,0,"0,0","Hạ Long,Quảng Ninh"
148,105.8706139,20.99251376,"105.87061388328365,20.992513759164183","Hoàn Kiếm,Hà Nội"
149,105.7983403,20.9971149,"105.7983403,20.9971149","Ninh Bình,Ninh Bình"
150,0,0,"0,0","Hà Đông,Hà Nội"
151,105.5965676,21.3277049,"105.5965676,21.3277049","Vĩnh Yên,Vĩnh Phúc"
152,107.0777036,20.96275897,"107.07770364281919,20.96275896718093","Hạ Long,Quảng Ninh"
153,0,0,"0,0","Thanh Trì,Hà Nội"
154,0,0,"0,0","Bù Đăng,Bình Phước"
155,105.9959461,20.01875745,"105.99594614570695,20.018757448084244","Nga Sơn,Thanh Hóa"
156,105.7846922,20.98170829,"105.78469220984984,20.98170829372964","Hưng Hà,Thái Bình"
157,105.920506,20.54108133,"105.92050604099819,20.541081333676814","Phủ Lý,Hà Nam"
158,0,0,"0,0","Gò Vấp,Hồ Chí Minh"
159,105.8453457,21.0023499,"105.8453457,21.0023499","HBT,Hà Nội"
160,0,0,"0,0","Thủy Nguyên,Hải Phòng"
161,105.8164829,21.0195298,"105.8164829,21.0195298","Cầu Giấy,Hà Nội"
162,105.7772988,21.0331391,"105.77729882646088,21.033139102064325","Cầu Giấy,Hà Nội"
163,0,0,"0,0","Đông Anh,Hà Nội"
164,105.5671324,21.295197,"105.5671324,21.295197","Lập Thạch,Vĩnh Phúc"
165,105.4799917,19.03743991,"105.47999172416095,19.037439905968792","Yên Thành,Nghệ An"
166,0,0,"0,0","Thị Xã Sơn Tây,Hà Nội"
167,106.6826,20.8567,"106.6826,20.8567","Kiến Thụy,Hải Phòng"
168,0,0,"0,0","Vinh,Nghệ An"
169,105.8126414,21.04117812,"105.81264138272742,21.041178124004794","Lào Cai,Lào Cai"
170,0,0,"0,0","12,Hồ Chí Minh"
171,0,0,"0,0","Đông Anh,Hà Nội"
172,106.7184653,10.7324254,"106.7184653,10.7324254","Vĩnh Long,Vĩnh Long"
173,0,0,"0,0","Tân Bình,Hồ Chí Minh"
174,105.8683297,21.05650549,"105.86832974963394,21.056505489972178","Long Biên,Hà Nội"
175,0,0,"0,0","Lạng Giang,Bắc Giang"
176,106.6953734,10.74340109,"106.69537341478653,10.743401089825333","7,Hồ Chí Minh"
177,0,0,"0,0","Thuỷ Nguyên,Hải Phòng"
178,105.8572233,21.0018471,"105.8572233,21.0018471","Hai Bà Trưng,Hà Nội"
179,105.8696756,20.99145217,"105.86967556694601,20.99145217252284","Hoàn Kiếm,Hà Nội"
180,105.8042797,21.0278692,"105.8042797153497,21.027869199968485","Bắc Từ Liêm,Hà Nội"
181,0,0,"0,0","Nha Trang,Khánh Hòa"
182,0,0,"0,0","Long Biên,Hà Nội"
183,0,0,"0,0","Ninh Bình,Ninh Bình"
184,0,0,"0,0","Chơn Thành,Bình Phước"
185,105.6247895,18.9087391,"105.6247895,18.9087391","Diễn Châu,Nghệ An"
186,0,0,"0,0","Ngọc Lặc,Thanh Hóa"
187,105.8942562,21.3060659,"105.8942562,21.3060659","Sóc Sơn,Hà Nội."
188,105.5061683,19.2059979,"105.5061683,19.2059979","Quỳnh Lưu,Nghệ An"
189,0,0,"0,0","Hoàng Mai,Hà Nội"
190,105.7785824,21.0448854,"105.7785824,21.0448854","Đông Hưng,Th"
191,105.7334606,18.7299749,"105.7334606,18.7299749","Nghi Lộc,Nghệ An"
192,105.6925703,9.417712341,"105.69257030511842,9.4177123406033","Thạnh Trị,Sóc Trăng"
193,0,0,"0,0","Cầu Giấy,Hà Nội"
194,0,0,"0,0","Tiên Du,Bắc Ninh"
195,106.8893973,11.4816092,"106.8893973,11.4816092","Đồng Xoài,Bình Phước"
196,0,0,"0,0","Vĩnh Bảo,Hải Phòng"
197,0,0,"0,0","Phú Xuyên,Hà Nội"
198,0,0,"0,0","Diễn Châu,Nghệ An"
199,0,0,"0,0","Ba Đình,Hà Nội"
200,0,0,"0,0","Ba Vì,Hà Nội"
201,0,0,"0,0","Lệ Thủy,Quảng Bình"
202,0,0,"0,0","Thanh Hóa,Thanh Hóa"
203,106.580074,10.83127885,"106.58007397692383,10.831278849515545","Kiến Xương,Thái Bình"
204,0,0,"0,0","Hoài Đức,Hà Nội"
205,106.7285619,10.7867781,"106.7285619,10.7867781","Gio Linh,Quảng Trị"
206,106.2912059,20.90705053,"106.2912058639675,20.907050527991476","Hải Dương,Hải Dương"
207,108.2239628,16.0711186,"108.2239628,16.0711186","Cẩm Lệ,Đà Nẵng"
208,106.3320539,20.4412055,"106.3320539,20.4412055","Thái Bình,Thái Bình"
209,106.6842942,20.86038394,"106.68429416228,20.86038393982816","Ngô Quyền,Hải Phòng"
210,105.6557457,18.73160346,"105.65574568083368,18.73160345872264","Hà Tĩnh,Hà Tĩnh"
211,0,0,"0,0","Bắc Ninh,Bắc Ninh"
212,0,0,"0,0","Lấp Vò,Đồng Tháp"
213,0,0,"0,0","Bình Thạnh,Hồ Chí Minh"
214,105.8137181,21.0412424,"105.8137181,21.0412424","Ba Đình,Hà Nội"
215,105.8022593,20.97297297,"105.80225927447694,20.972972972972972","Yên Thế,Bắc Giang"
216,105.6974286,20.920011,"105.6974286,20.920011","Chương Mỹ,Hà Nội."
217,0,0,"0,0","Quốc Oai,Hà Nội"
218,0,0,"0,0","Phụng Hiệp,Hậu Giang"
219,0,0,"0,0","TXuân,Hà Nội"
220,0,0,"0,0","Quan Hóa,Thanh Hóa"
221,105.8118434,21.1740626,"105.8118434,21.1740626","Đông Anh,Hà Nội."
222,105.8446713,20.97958007,"105.84467126888336,20.97958006663953","Hoàng Mai,Hà Nội"
223,0,0,"0,0","Ba Vì,Hà Nội"
224,105.8341598,21.0277644,"105.8341598,21.0277644","Thị Xã Kinh Môn,Hải Dương"
225,105.6479263,21.01384358,"105.6479262644414,21.013843577206917","Quốc Oai,Hà Nội"
226,106.0990506,21.14092888,"106.0990505914385,21.140928884821534","Bắc Ninh,Bắc Ninh"
227,0,0,"0,0","Mang Yang,Gia Lai"
228,105.8083687,21.02796527,"105.80836874277932,21.027965271561293","Thường Tín,Hà Nội"
229,106.7570113,10.9281613,"106.7570113,10.9281613","Cẩm Thủy,Thanh Hóa"
230,107.0277106,10.988083,"107.0277106,10.988083","Trảng Bom,Đồng Nai"
231,0,0,"0,0","Nam Định,Nam Định"
232,106.7285419,10.7868359,"106.7285419,10.7868359","Gio Linh,Quảng Trị"
233,0,0,"0,0","Hoằng Hóa,Thanh Hóa"
235,106.8097845,10.8707,"106.8097845,10.8707","Tư Nghĩa,Quảng Ngãi"
236,105.8431239,20.98822823,"105.84312393673609,20.988228227753265","Đống Đa,Hà Nội"
237,0,0,"0,0","Văn Lâm,Hưng Yên"
239,105.7936465,21.0001625,"105.7936465,21.0001625","Thạch Thất,Hà Nội"
240,105.832462,20.9540758,"105.832462,20.9540758","Thạch Thất,Hà Nội"
241,106.8097442,10.87084967,"106.8097441910482,10.870849673052904","Bình Chánh,Hồ Chí Minh"
242,106.694626,10.8052186,"106.694626,10.8052186","Bình Thạnh,Hồ Chí Minh"
243,0,0,"0,0","Kiến Xương,Thái Bình"
244,106.8098928,10.8699217,"106.8098928,10.8699217","3,Hồ Chí Minh"
245,105.9548938,21.10729807,"105.95489375217095,21.10729806986511","Thị Xã Từ Sơn,Bắc Ninh"
246,105.7429015,9.4308043,"105.7429015,9.4308043","Thạnh Trị,Sóc Trăng"
247,106.7000658,10.77818717,"106.70006580483214,10.778187168748746","Tây Sơn,Bình Định"
248,105.7816576,20.987904,"105.7816576,20.987904","Bắc Ninh,Bắc Ninh"
249,105.7780654,20.99569539,"105.7780654131963,20.99569539118498","Hoàng Mai,Hà Nội"
250,0,0,"0,0","Đông Anh,Hà Nội"
251,0,0,"0,0","Định Quán,Đồng Nai"
252,106.333,20.9401,"106.333,20.9401","Hải Dương,Hải Dương"
253,105.8125212,21.04142789,"105.81252122338971,21.04142789327774","Bình Lục,Hà Nam"
254,0,0,"0,0","Chí Linh,Hải Dương"
255,105.8602228,21.01568918,"105.86022282616862,21.015689182199356","Thị Xã Hồng Lĩnh,Hà Tĩnh"
256,0,0,"0,0","Dầu Tiếng,Bình Dương"
257,105.7729507,21.06312548,"105.77295071640518,21.06312547811259","Bắc Từ Liêm,Hà Nội"
258,106.3366908,20.94015048,"106.33669078989614,20.940150480933312","Hải Dương,Hải Dương"
259,107.4262813,10.5585237,"107.4262813,10.5585237","Vũng Tàu,Bà Rịa - Vũng Tàu"
260,0,0,"0,0","Bắc Từ Liêm,Hà Nội"
261,0,0,"0,0","Nông Cống,Thanh Hóa"
262,106.62281,10.82384431,"106.62281000431895,10.823844312794746","12,Hồ Chí Minh"
263,106.707996,10.8002147,"106.707996,10.8002147","Q.1,Hồ Chí Minh"
264,0,0,"0,0","Long Biên,Hà Nội"
265,105.7037869,18.717197,"105.7037869,18.717197","Vinh,Nghệ An"
266,108.1018723,11.56788383,"108.10187234472265,11.567883834042544","Di Linh,Lâm Đồng"
267,0,0,"0,0","Cao Lãnh,Đồng Tháp"
268,0,0,"0,0","Q. PN,Hồ Chí Minh"
269,105.8071772,21.0524119,"105.8071772,21.0524119","Cầu Giấy,Hà Nội"
270,105.7820339,20.97777839,"105.78203394783749,20.977778389864962","Hà Đông,Hà Nội"
271,0,0,"0,0","Thị Xã Phú Thọ,Phú Thọ"
272,106.7255604,10.91595819,"106.72556040889559,10.915958193901709","Thuận An,Bình Dương"
273,106.0304574,21.16206317,"106.03045739796623,21.16206317184006","Bắc Ninh,Bắc Ninh"
274,104.1642029,21.13206211,"104.16420287824079,21.132062109201318","Mai Sơn,Sơn La"
275,106.6813087,10.82079431,"106.68130871002792,10.820794314026283","12,Hồ Chí Minh"
276,0,0,"0,0","Lục Nam,Bắc Giang"
277,106.1093376,11.30496,"106.1093376,11.30496","Tây Ninh,Tây Ninh"
278,105.8065726,20.94180339,"105.80657256029791,20.941803392370378","Liên Chiểu,Đà Nẵng"
279,106.6695496,10.81250362,"106.66954961038742,10.81250361941276","Gò Vấp,Hồ Chí Minh"
280,0,0,"0,0","Vũ Thư,Thái Bình"
281,105.8202703,21.00532215,"105.82027029369232,21.00532214521008","Đống Đa,Hà Nội"
282,105.799158,20.9639701,"105.799158,20.9639701","Ba Đồn,Quảng Bình"
283,0,0,"0,0","12,Hồ Chí Minh"
284,106.6737222,10.7526349,"106.6737222,10.7526349","12,Hồ Chí Minh"
285,106.8060503,10.8595346,"106.8060503,10.8595346","Long Xuyên,An Giang"
286,106.74763,10.8694287,"106.74763,10.8694287","Dĩ An,Bình Dương"
287,106.1879808,21.266432,"106.1879808,21.266432","Bắc Giang,Bắc Giang"
288,106.1267408,21.16054641,"106.12674078578566,21.160546406882002","Quế Võ,Bắc Ninh"
289,0,0,"0,0","Hoàng Mai,Hà Nội"
290,0,0,"0,0","Bảo Lâm,Lâm Đồng"
291,106.8101325,10.87085109,"106.81013251545173,10.870851094079775","Đồng Xuân,Phú Yên"
292,0,0,"0,0","Bảo Lâm,Lâm Đồng"
293,105.7985503,20.96169769,"105.79855025782591,20.961697686546476","Vinh,Nghệ An"
294,106.7734007,10.84772655,"106.77340073618248,10.84772655049494","Thủ Đức,Hồ Chí Minh"
295,106.006614,20.33049422,"106.00661403331783,20.330494218103517","Ý Yên,Nam Định"
296,106.8101159,10.87097997,"106.81011592428624,10.870979974171302","Trảng Bom,Đồng Nai"
297,106.6991616,10.764288,"106.6991616,10.764288","Hòa Thành,Tây Ninh"
298,106.0005798,20.94059037,"106.00057976733216,20.940590367303564","Văn Giang,Hưng Yên"
299,105.8129382,21.04165083,"105.81293824952431,21.0416508308052","Hải Hậu,Nam Định"
300,0,0,"0,0","Văn Giang,Hưng Yên"
301,106.000726,20.94044078,"106.00072596640894,20.940440777010114","Văn Giang,Hưng Yên"
302,107.0073223,20.95983827,"107.00732233303614,20.959838267260405","Hạ Long,Quảng Ninh"
303,108.3208108,15.8859333,"108.3208108,15.8859333","Hội An,Quảng Nam"
304,0,0,"0,0","Bình Đại,Bến Tre"
305,106.8394953,10.9670538,"106.8394953,10.9670538","Biên Hòa,Đồng Nai"
306,0,0,"0,0","Cao Bằng,Cao Bằng"
307,106.8102064,10.8704942,"106.8102064,10.8704942","12,Hồ Chí Minh"
308,105.7552795,21.03679811,"105.75527952661653,21.036798111199133","Thanh Oai,Hà Nội"
309,106.3101664,10.9002467,"106.3101664,10.9002467","Đức Huệ,Long An"
310,0,0,"0,0","Tiên Lãng,Hải Phòng"
311,0,0,"0,0","Phù Cừ,Hưng Yên"
312,106.7620831,11.07184916,"106.76208305274193,11.071849159795704","Thị Xã Tân Uyên,Bình Dương"
313,106.6541379,10.7916696,"106.6541379,10.7916696","Tân Phú,Hồ Chí Minh"
314,0,0,"0,0","Bình Sơn,Quảng Ngãi"
315,105.8155,21.2523,"105.8155,21.2523","Long Biên,Hà Nội"
316,105.976613,21.3477115,"105.976613,21.3477115","Hiệp Hòa,Bắc Giang"
317,106.6949016,10.8052677,"106.6949016,10.8052677","Bình Tân,Hồ Chí Minh"
318,0,0,"0,0","Hai Bà Trưng,Hà Nội"
319,0,0,"0,0","Khoái Châu,Hưng Yên"
320,105.8127339,21.0412696,"105.8127339,21.0412696","Việt Trì,Phú Thọ"
321,106.6597,10.7625,"106.6597,10.7625","8,Hồ Chí Minh"
322,0,0,"0,0","Hậu Lộc,Thanh Hóa"
323,106.3676456,10.35962955,"106.36764555360062,10.359629550989387","Mỹ Tho,Tiền Giang"
324,105.8531975,21.15315315,"105.85319752985217,21.153153153153152","Đông Anh,Hà Nội"
325,0,0,"0,0","Tiên Du,Bắc Ninh"
326,106.0948244,21.20276078,"106.0948244085518,21.202760777450806","Bắc Ninh,Bắc Ninh"
327,0,0,"0,0","Việt Trì,Phú Thọ"
328,0,0,"0,0","Hai Bà Trưng,Hà Nội"
329,105.8704202,21.0460846,"105.87042024748547,21.046084596723663","Long Biên,Hà Nội"
330,106.6817842,10.7674309,"106.6817842,10.7674309","3,Hồ Chí Minh"
331,106.6657141,10.77635393,"106.66571414695275,10.776353931891972","Phong Điền,Cần Thơ"
332,0,0,"0,0","Đà Lạt,Lâm Đông"
333,105.9385966,20.9523581,"105.93859659178825,20.952358098034665","Long Biên,Hà Nội"
334,105.6557474,18.7315581,"105.65574739001755,18.731558104206016","Kỳ Sơn,Nghệ An"
335,106.6909506,10.73605413,"106.69095063822014,10.736054126582891","Bình Chánh,Hồ Chí Minh"
336,105.8568846,21.0223625,"105.8568846,21.0223625","Thái Bình,Thái Bình"
337,0,0,"0,0","Phú Nhuận,Hồ Chí Minh"
338,109.0426196,14.5558155,"109.0426196,14.5558155","Hoài Nhơn,Bình Định"
339,106.1084548,11.1849679,"106.1084548,11.1849679","Bến Cầu,Tây Ninh"
340,0,0,"0,0","Bình Thạnh,Hồ Chí Minh"
341,0,0,"0,0","Nông Cống,Thanh Hóa"
342,0,0,"0,0","Thuỷ Nguyên,Hải Phòng"
343,105.6442543,10.45553641,"105.64425425962239,10.455536413212576","Cao Lãnh,Đồng Tháp"
344,0,0,"0,0","Mỹ Tho,Tiền Giang"
345,106.6497323,10.8444514,"106.6497323,10.8444514","Pleiku,Gia Lai"
346,0,0,"0,0","Nhà Bè,Hồ Chí Minh"
347,106.8102389,10.8704759,"106.8102389,10.8704759","Thị Xã Buôn Hồ,Đắk Lắk"
348,105.6557257,18.73158689,"105.65572568226158,18.731586885133456","Can Lộc,Hà Tĩnh"
349,0,0,"0,0","Trực Ninh,Nam Định"
350,105.8454839,21.034749,"105.8454839,21.034749","Thị Xã Sơn Tây,Hà Nội"
351,106.3452672,20.938752,"106.3452672,20.938752","Hải Dương,Hải Dương"
352,106.1033717,20.6453711,"106.1033717,20.6453711","Tiên Lữ,Hưng Yên"
353,0,0,"0,0","Văn Giang,Hưng Yên"
354,105.7726004,21.0808876,"105.7726004,21.0808876","Bắc Từ Liêm,Hà Nội"
355,0,0,"0,0","Thị Xã Duy Tiên,Hà Nam"
356,106.6443015,10.764628,"106.6443015,10.764628","Cai Lậy,Tiền Giang"
357,106.9471156,10.94085581,"106.94711557429939,10.940855810821727","Trắng Bom,Đồng Nai"
358,0,0,"0,0","Đống Đa,Hà Nội"
359,105.8003333,20.9913707,"105.8003333,20.9913707","Thanh Trì,Hà Nội"
360,106.6139172,10.7523888,"106.6139172,10.7523888","Bình Tân,Hồ Chí Minh"
361,0,0,"0,0","Nghi Xuân,Hà Tĩnh"
362,0,0,"0,0","Việt Trì,Phú Thọ"
363,0,0,"0,0","Ba Tri,Bến Tre"
364,106.2798367,20.154652,"106.27983665517095,20.15465200188957","Hải Hậu,Nam Định"
365,106.765467,10.77839026,"106.76546698532803,10.778390259756529","2,Hồ Chí Minh"
366,106.0993025,20.1152547,"106.0993025,20.1152547","Kim Sơn,Ninh Bình"
367,107.7738939,10.66799694,"107.77389390536793,10.667996944544926","Thị Xã La Gi,Bình Thuận"
368,0,0,"0,0","Thủ Đức,HCM"
369,106.8098068,10.87071418,"106.80980681999996,10.870714179999997","8,Hồ Chí Minh"
370,0,0,"0,0","Thái Bình,Thái Bình"
371,106.2876192,18.08004736,"106.2876191522292,18.0800473561397","Thị Xã Kỳ Anh,Hà Tĩnh"
372,106.334944,20.945097,"106.33494399928509,20.945097002039784","Hải Dương,Hải Dương"
373,0,0,"0,0","Tĩnh Gia,Thanh Hóa"
374,106.8101127,10.87065295,"106.81011271467614,10.870652952904937","Thạnh Phú,Bến Tre"
375,105.812955,21.0417566,"105.812955,21.0417566","Xuân Trường,Nam Định"
376,106.392049,20.46014826,"106.39204896270775,20.460148264327366","Kiến Xương,Thái Bình"
377,105.8538,21.0282,"105.8538,21.0282","Hải An,Hải Phòng"
378,108.0439164,12.68634707,"108.0439163658555,12.686347070034941","Buôn Ma Thuột,Đắk Lắk"
379,0,0,"0,0","Kim Thành,Hải Dương"
380,106.62688,10.81477098,"106.62687996850984,10.814770980329358","Bình Long,Bình Phước"
381,107.2116671,10.53095903,"107.21166711888286,10.530959033330639","Bà Rịa,Bà Rịa - Vũng Tàu"
382,106.6270948,10.7913371,"106.6270948,10.7913371","Tân Phú,Hồ Chí Minh"
383,106.6845515,10.7454583,"106.6845515,10.7454583","1,Hồ Chí Minh"
384,0,0,"0,0","Hai Bà Trưng,Hà Nội"
385,0,0,"0,0","Ninh Bình,Ninh Bình"
386,106.4911662,20.2336994,"106.4911662,20.2336994","Giao Thủy,Nam Định"
387,0,0,"0,0","Dĩ An,Bình Dương"
388,104.8361591,22.3893189,"104.8361591,22.3893189","Bắc Quang,Hà Giang"
389,106.1228214,21.1550498,"106.1228214,21.1550498","Đông Anh,Hà Nội"
390,105.6198852,21.24073691,"105.61988515453858,21.240736905526553","Bình Xuyễn,Vĩnh Phúc"
391,0,0,"0,0","Bình Thạnh,Hồ Chí Minh"
392,0,0,"0,0","Lê Chân,Hải Phòng"
393,0,0,"0,0","Thanh Trì,Hà Nội"
394,105.8156909,21.0037952,"105.8156909,21.0037952","Thanh Xuân,Hà Nội"
395,105.8684571,21.07172794,"105.86845710316011,21.071727937079743","Thanh Hà,Hải Dương"
396,105.8202068,21.01098806,"105.82020675737985,21.010988064414118","Tây Hồ,Hà Nội"
397,0,0,"0,0","9,Hồ Chí Minh"
398,105.7243125,21.04654091,"105.72431252584157,21.046540909894595","Hoài Đức,Hà Nội"
399,0,0,"0,0","Cao Lãnh,Đồng Tháp."
400,0,0,"0,0","Yên Bình,Yên Bái"
401,105.8195011,21.5786694,"105.8195011,21.5786694","Thái Nguyên,Thái Nguyên"
402,106.7136422,20.75786619,"106.71364215899989,20.757866186111325","Dương Kinh,Hải Phòng"
403,0,0,"0,0","Hà Đông,Hà Nội"
404,0,0,"0,0","Thái Bình,Thái Bình"
405,0,0,"0,0","Quảng Ngãi,Quảng Ngãi"
406,0,0,"0,0","Bắc Từ Liêm,Hà Nội"
407,0,0,"0,0","Ba Đình,Hà Nội"
408,106.7268651,10.84613962,"106.72686509811707,10.84613962290148","8,Hồ Chí Minh"
409,105.8217624,20.97716842,"105.82176244708415,20.977168423554282","Hoàng Mai,Hà Nội"
410,106.6657146,10.77635445,"106.66571458342831,10.77635444601163","Đức Huệ,Long An"
411,0,0,"0,0","Ý Yên,Nam Định"
412,0,0,"0,0","Ba Đình,Hà Nội"
413,106.3339134,20.93003142,"106.33391338885751,20.930031416375996","Hải Dương,Hải Dương"
414,106.6814718,10.7713116,"106.6814718,10.7713116","3,Hồ Chí Minh"
415,105.861108,20.9995595,"105.861108,20.9995595","Đất Đỏ,Bà Rịa - Vũng Tàu"
416,106.6136691,10.7326053,"106.6136691,10.7326053","Mỹ Tho,Tiền Giang"
417,108.4852297,15.5533318,"108.4852297,15.5533318","Tam Kỳ,Quảng Nam"
418,0,0,"0,0","Thanh Trì,Hà Nội"
419,0,0,"0,0","Hoàn Kiếm,Hà Nội"
420,0,0,"0,0","Thanh Miện,Hải Dương"
421,105.7138749,21.23467009,"105.71387493614941,21.23467008839745","Phúc Yên,Vĩnh Phúc"
422,106.6212318,17.4761938,"106.6212318,17.4761938","Đồng Hới,Quảng Bình"
423,106.1583751,20.41256074,"106.15837512142944,20.412560737034735","Thọ Xuân,Thanh Hóa"
424,0,0,"0,0","Bình Tân,Hồ Chí Minh"
426,105.6809141,21.26825983,"105.68091412072127,21.26825982899848","Phúc Yên,Vĩnh Phúc"
427,0,0,"0,0","Tuần Giáo,Điện Biên"
428,0,0,"0,0","TPVL,Vĩnh Long"
429,105.799098,21.07401646,"105.79909797621478,21.074016456822946","Thanh Hóa,Thanh Hóa"
430,0,0,"0,0","Chương Mỹ,Hà Nội"
431,106.6986511,10.7871027,"106.6986511,10.7871027","12,Hồ Chí Minh"
432,105.9664938,21.0046097,"105.9664938,21.0046097","Thanh Miện,Hải Dương"
433,106.7037731,20.84476145,"106.70377310700175,20.844761451659313","Ngô Quyền,Hải Phòng"
434,0,0,"0,0","Thanh Hóa,Thanh Hóa"
435,0,0,"0,0","Thạch Hà,Hà Tĩnh"
436,0,0,"0,0","Hưng Yên,Hưng Yên"
437,0,0,"0,0","Ba Đình,Hà Nội"
438,106.6817639,10.82507859,"106.68176391966,10.825078588611037","Gò Vấp,Hồ Chí Minh"
439,106.41324,10.53188494,"106.4132399836796,10.531884939707387","Tân An,Long An"
440,0,0,"0,0","Tứ Kỳ,Hải Dương"
441,105.7930847,21.0274929,"105.7930847,21.0274929","Nam Từ Liêm,Hà Nội"
442,105.8129603,21.0417342,"105.8129603,21.0417342","Gia Viễn,Ninh Bình"
443,0,0,"0,0","Hai Bà Trưng,Hà Nội"
444,105.7787321,21.0443259,"105.7787321,21.0443259","Phú Xuyên,Hà Nội"
445,105.8232909,20.9633831,"105.8232909,20.9633831","Khoái Châu,Hưng Yên"
446,105.8228962,21.0153534,"105.8228962,21.0153534","Đống Đa,Hà Nội"
447,0,0,"0,0","Tứ Kỳ,Hải Dương"
448,106.0458936,18.3120001,"106.0458936,18.3120001","Cẩm Xuyên,Hà Tĩnh"
449,106.7271015,10.87568389,"106.72710148447288,10.875683887585659","1,Hồ Chí Minh"
450,105.2442738,21.44731301,"105.24427378023464,21.44731300994343","Thị Xã Phú Thọ,Phú Thọ"
451,105.7703139,20.7402427,"105.7703139,20.7402427","Ứng Hòa,Hà Nội"
452,0,0,"0,0","2,Hồ Chí Minh"
453,106.6842387,10.800035,"106.6842387,10.800035","Bình Tân,Hồ Chí Minh"
454,0,0,"0,0","2,Hồ Chí Minh"
455,106.8105728,10.9543424,"106.8105728,10.9543424","Trảng Bom,Đồng Nai"
456,106.8105728,10.9543424,"106.8105728,10.9543424","Trảng Bom,Đồng Nai"
457,106.559166,10.54357337,"106.5591659500005,10.543573369999569","Tần Trụ,Long An"
458,105.8165657,20.9991191,"105.8165657,20.9991191","Đống Đa,Hà Nội"
459,105.8222925,21.0107808,"105.8222925,21.0107808","Đống Đa,Hà Nội"
460,105.782826,10.0283682,"105.782826,10.0283682","Ninh Kiều,Cần Thơ"
461,0,0,"0,0","Phú Nhuận,Hồ Chí Minh"
462,105.8277327,20.9645175,"105.8277327,20.9645175","Hoàng Mai,Hà Nội"
463,106.1433934,20.50718456,"106.14339342989139,20.507184556607218","Lý Nhân,Hà Nam"
464,0,0,"0,0","Triệu Sơn,Thanh Hóa"
465,0,0,"0,0","Ba Đình,Hà Nội"
466,0,0,"0,0","2,Hồ Chí Minh"
467,105.8265666,21.0023428,"105.8265666,21.0023428","Đống Đa,Hà Nội"
468,108.1697796,16.07046791,"108.16977956853,16.070467913637493","Liên Chiểu,Đà Nẵng"
469,106.680294,20.78370554,"106.68029399486007,20.783705537620527","Kiến Thuỵ,Hải Phòng"
470,106.0913029,21.5829344,"106.0913029,21.5829344","Yên Thế,Bắc Giang"
471,105.7529324,21.01974797,"105.75293242233961,21.01974796777958","Thái Thụy,Thái Bình"
472,105.8153262,10.0568211,"105.8153262,10.0568211","Bình Minh,Vĩnh Long"
473,0,0,"0,0","Hai Bà Trưng,Hà Nội"
474,106.6063519,20.8415081,"106.6063519,20.8415081","An Dương,Hải Phòng"
475,108.0734621,13.2250106,"108.0734621,13.2250106","Ea H'leo,Đắk Lắk"
476,108.015966,13.961742,"108.015966,13.961742","Pleiku,Gia Lai"
477,0,0,"0,0","Hai Bà Trưng,Hà Nội"
478,106.7086503,10.7588287,"106.7086503,10.7588287","4,Hồ Chí Minh"
479,106.4142719,10.536267,"106.4142718742196,10.536266996225963","Tân An,Long An"
480,106.7787512,21.0322962,"106.7787512,21.0322962","Uông Bí,Quảng Ninh"
481,0,0,"0,0","Thạch Thất,Hà Nội"
482,106.1377261,21.09643932,"106.13772614445877,21.096439321584953","Quế Võ,Bắc Ninh"
483,105.8621903,19.72056846,"105.86219026009867,19.720568459021052","Sầm Sơn,Thanh Hóa"
484,106.1796747,18.1968471,"106.1796747,18.1968471","Kỳ Anh,Hà Tĩnh"
485,0,0,"0,0","Đầm Hà,Quảng Ninh"
486,107.0893913,10.3502782,"107.0893913,10.3502782","Vũng Tàu,Bà Rịa - Vũng Tàu"
487,0,0,"0,0","Tân Yên,Bắc Giang"
488,106.8100933,10.8706333,"106.8100933,10.8706333","Bàu Bàng,Bình Dương"
489,0,0,"0,0","Kim Sơn,Ninh Bình"
490,105.8468183,20.95469315,"105.84681833362124,20.95469314560412","Hoàng Mai,Hà Nội"
491,106.8101376,10.87082449,"106.81013756059197,10.870824489385178","Bảo Lâm,Lâm Đồng"
492,107.2502512,10.65828282,"107.2502512050168,10.658282822392637","Châu Đức,Bà Rịa - Vũng Tàu"
493,0,0,"0,0","Cần Đước,Long An"
494,0,0,"0,0","Tuy An,Phú Yên"
495,0,0,"0,0","Việt Trì,Phú Thọ"
496,0,0,"0,0","2,Hồ Chí Minh"
497,0,0,"0,0","Gia Lâm,Hà Nội"
498,106.8081262,10.8692989,"106.8081262,10.8692989","Tuy An,Phú Yên"
499,0,0,"0,0","Văn Giang,Hưng Yên"
500,107.1152466,10.388292,"107.1152466,10.388292","Vũng Tàu,Bà Rịa - Vũng Tàu"
501,105.8788727,21.32203818,"105.87887268825207,21.322038184583572","Sóc Sơn,Hà Nội"
502,105.7910214,20.61417417,"105.79102139301538,20.614174169063478","Mỹ Đức,Hà Nội"
503,0,0,"0,0","Con Cuông,Nghệ An"
504,105.6555795,18.73173035,"105.65557953902638,18.731730350944314","Thanh Chương,Nghệ An"
505,105.8271998,21.01276692,"105.82719981466282,21.012766922941985","Lạng Sơn,Lạng Sơn"
506,106.8101636,10.870774,"106.81016358347723,10.870774004774953","9,Hồ Chí Minh"
507,0,0,"0,0","Hoàn Kiếm,Hà Nội"
508,0,0,"0,0","Kiến An,Hải Phòng"
509,106.6818897,10.77416956,"106.68188965102732,10.774169555427305","Thủ Đức,Hồ Chí Minh"
510,107.1539408,11.0612432,"107.1539408,11.0612432","Thống Nhất,Đồng Nai"
511,106.2506882,20.9163498,"106.2506882,20.9163498","Cẩm Giàng,Hải Dương"
512,106.4434634,10.5394001,"106.4434634,10.5394001","Tân An,Long An"
513,0,0,"0,0","Đông Sơn,Thanh Hóa"
514,106.7876931,10.81572696,"106.78769308564576,10.815726964024028","Gò Công Tây,Tiền Giang"
515,105.7998014,20.96389986,"105.79980139308591,20.96389986071113","Từ Sơn,Bắc Ninh"
516,106.6502474,10.80220388,"106.65024742270954,10.802203876375403","Tân Bình,Hồ Chí Minh"
517,106.7135852,20.85339767,"106.71358524420344,20.85339767168612","Hải An,Hải Phòng"
518,0,0,"0,0","Chương Mỹ,Hà Nội"
519,106.6252458,10.82925729,"106.6252457602343,10.82925729156534","12,Hồ Chí Minh"
520,0,0,"0,0","Rạch Giá,Kiên Giang"
521,0,0,"0,0","Càng Long,Trà Vinh"
522,105.3753344,21.250048,"105.3753344,21.250048","Ba Vì,Hà Nội"
523,109.0387968,13.9493376,"109.0387968,13.9493376","Phù Cát,Bình Định"
524,105.7668941,20.9685096,"105.7668941,20.9685096","Vân Đồn,Quảng Ninh"
525,0,0,"0,0","Yên Thủy,Hòa Bình"
526,106.3674591,10.3760026,"106.3674591,10.3760026","Mỹ Tho,Tiền Giang"
527,0,0,"0,0","Hải Hậu,Nam Định"
528,106.0988632,11.31713101,"106.09886318188524,11.3171310050206","Tây Ninh,Tây Ninh"
529,106.643456,10.8429312,"106.643456,10.8429312","Tân Phú,Hồ Chí Minh"
530,0,0,"0,0","Yên Mỹ,Hưng Yên"
531,105.9325277,20.32819198,"105.93252768273116,20.328191984443226","Gia Viễn,Ninh Bình"
532,105.8470953,21.00900901,"105.8470953000789,21.00900900900901","Hạ Long,Quảng Ninh"
533,105.8083996,21.0502478,"105.8083996,21.0502478","Tây Hồ,Hà Nội"
534,106.457356,20.97070712,"106.45735598875665,20.97070711864505","Kim Thành,Hải Dương"
535,105.8128968,21.0417275,"105.8128968,21.0417275","Kim Sơn,Ninh Bình"
536,108.9943307,11.55780907,"108.99433072349336,11.557809071110581","Phan Rang-Tháp Chàm,Ninh Thuận"
537,105.8131495,21.0417545,"105.8131495,21.0417545","Kim Bảng,Hà Nam"
538,106.7663125,10.77546373,"106.76631254227847,10.775463725487846","2,Hồ Chí Minh"
539,109.2270851,13.7814211,"109.2270851,13.7814211","Quy Nhơn,Bình Định"
540,105.8245514,21.0071068,"105.8245514,21.0071068","Ninh Bình,Ninh Bình"
541,106.725376,10.7675648,"106.725376,10.7675648","Hồng Ngự,Đồng Tháp"
542,0,0,"0,0","Kon Tum,Kon Tum"
543,108.2175175,16.07391372,"108.21751751852057,16.07391372250446","Liên Chiểu,Đà Nẵng"
544,106.8100744,10.8706684,"106.8100744,10.8706684","Phù Mỹ,Bình Định"
545,0,0,"0,0","Hóc Môn,Hồ Chí Minh"
546,106.4220109,10.517734,"106.4220109,10.517734","Tân An,Long An"
547,0,0,"0,0","Gia Lâm,Hà Nội"
548,0,0,"0,0","Văn Giang,Hưng Yên"
549,106.7777295,10.81470633,"106.77772953036143,10.814706333497892","Vụ Bản,Nam Định"
550,0,0,"0,0","Ba Đình,Hà Nội"
551,0,0,"0,0","Văn Lâm,Hưng Yên"
552,105.8146503,21.1189839,"105.8146503,21.1189839","Đông Anh,Hà Nội"
553,0,0,"0,0","Hoàn Kiếm,Hà Nội"
554,0,0,"0,0","Thanh Thủy,Phú Thọ"
555,106.6602968,10.75680761,"106.6602967540596,10.756807606171002","Rạch Giá,Kiên Giang"
556,105.8265233,21.03482239,"105.82652327131778,21.034822391349802","Ba Đình,Hà Nội"
557,0,0,"0,0","Long Xuyên,An Giang"
558,0,0,"0,0","Cái Răng,Cần Thơ"
559,105.8590277,21.00492763,"105.85902765425094,21.00492762719894","Hoàn Kiếm,Hà Nội"
560,107.1023215,10.379637,"107.1023215,10.379637","Vũng Tàu,Bà Rịa - Vũng Tàu"
561,106.6495132,10.77479791,"106.64951322421615,10.774797911031607","Cà Mau,Cà Mau"
562,0,0,"0,0","Bình Minh,Vĩnh Long"
563,106.6813072,10.82009391,"106.68130721676826,10.820093910540647","Krông Pắc,Đắk Lắk"
564,0,0,"0,0","Rạch Giá,Kiên Giang"
565,107.0989312,20.9649664,"107.0989312,20.9649664","Hạ Long,Quảng Ninh"
566,105.6418451,21.6329912,"105.6418451,21.6329912","Đại Từ,Thái Nguyên"
567,107.778742,10.6612361,"107.778742,10.6612361","La Gi,Bình Thuận"
568,106.6644774,10.75549487,"106.6644774494259,10.755494868794571","Bình Thạnh,Hồ Chí Minh"
569,106.7089254,20.82825047,"106.70892540194008,20.828250466053774","Hải An,Hải Phòng"
570,106.6818966,10.7740899,"106.6818966,10.7740899","Ninh Hải,Ninh Thuận"
571,106.7017592,10.8101646,"106.7017592,10.8101646","Bình Thạnh,Hồ Chí Minh"
572,106.6830999,10.8171215,"106.6830999,10.8171215","Gò Vấp,Hồ Chí Minh"
573,106.6514618,10.8850982,"106.6514618,10.8850982","Rạch Giá,Kiên Giang"
574,105.7952965,20.9838784,"105.7952965,20.9838784","Hà Đông,Hà Nội."
575,106.7455844,10.8817676,"106.7455844,10.8817676","Thủ Đức,Hồ Chí Minh"
576,105.8233128,21.03187711,"105.82331275995656,21.031877105741945","Đông Anh,Hà Nội"
577,0,0,"0,0","Xuân Trường,Nam Định"
578,106.503086,20.27979457,"106.50308600592047,20.27979457253475","Giao Thủy,Nam Định"
579,106.8098724,10.8698464,"106.8098724,10.8698464","Long Xuyên,An Giang"
580,106.8037832,10.8701145,"106.8037832,10.8701145","Đô Lương,Nghệ An"
581,106.4090889,10.591212,"106.4090889,10.591212","Long Mỹ,Hậu Giang"
582,105.5468863,21.3686525,"105.5468863,21.3686525","Tam Dương,Vĩnh Phúc"
583,106.6676163,10.8368989,"106.6676163,10.8368989","Gò Vấp,Hồ Chí Minh"
584,106.6818484,10.7740741,"106.6818484,10.7740741","Phú Nhuận,Hồ Chí Minh"
585,0,0,"0,0","Hàm Thuận Nam,Bình Thuận"
586,106.6818487,10.77410552,"106.6818486929981,10.774105519143642","Lâm Hà,Lâm Đồng"
587,0,0,"0,0","Hà Đông,Hà Nội"
588,106.2272447,11.02404209,"106.22724474614702,11.024042091302022","Thị Xã Trảng Bàng,Tây Ninh"
589,0,0,"0,0","Cẩm Phả,Quảng Ninh"
590,106.809769,10.87015662,"106.80976895822832,10.870156619107524","Bình Chánh,Hồ Chí Minh"
591,105.2220753,21.8256372,"105.2220753,21.8256372","Tuyên Quang,Tuyên Quang"
592,106.8099188,10.8699565,"106.8099188,10.8699565","Gia Nghĩa,Đắk Nông"
593,0,0,"0,0","Phú Nhuận,HCM"
594,0,0,"0,0","Cầu Giấy,Hà Nội"
595,0,0,"0,0","Tiên Lữ,Hưng Yên"
596,0,0,"0,0","11,Hồ Chí Minh"
597,106.6645915,10.7552609,"106.6645915,10.7552609","Di Linh,Lâm Đồng"
598,105.9024376,21.02785881,"105.90243762548954,21.02785881021878","Hoàn Kiếm,Hà Nội"
599,0,0,"0,0","Đống Đa,Hà Nội"
600,106.6810056,20.75362918,"106.68100562887888,20.75362917503412","Kiến Thụy,Hải Phòng"
601,0,0,"0,0","Móng Cái,Quảng Ninh"
602,107.7717753,10.6724315,"107.7717753,10.6724315","La Gi,Bình Thuận"
603,106.4790789,10.9784582,"106.4790789,10.9784582","12,Hồ Chí Minh"
604,107.0550679,11.0814939,"107.0550679,11.0814939","Vĩnh Cửu,Đồng Nai"
605,105.9609433,20.2489039,"105.9609433,20.2489039","Ninh Bình,Ninh Bình"
606,106.0197797,21.4367464,"106.0197797,21.4367464","Phú Bình,Thái Nguyên"
607,0,0,"0,0","Thanh Hóa,Thanh Hóa"
608,106.725376,10.960896,"106.725376,10.960896","Tân Uyên,Bình Dương"
609,0,0,"0,0","Thị Xã Bến Cát,Bình Dương"
610,106.3586669,20.552656,"106.3586669,20.552656","Đông Hưng,Thái Bình"
611,106.6369024,10.8101632,"106.6369024,10.8101632","Thanh Oai,Hà Nội"
612,0,0,"0,0","Kiến Thụy,Hải Phòng"
613,106.7725662,10.8218058,"106.7725662,10.8218058","9,Hồ Chí Minh"
614,0,0,"0,0","10,Hồ Chí Minh"
615,105.8121035,21.48019605,"105.8121034746931,21.480196054892325","Kim Thành,Hải Dương"
616,0,0,"0,0","8,Hồ Chí Minh"
617,105.8565479,21.02211138,"105.856547946519,21.022111380782942","Chí Linh,Hải Dương"
618,105.8591327,20.9250262,"105.8591327,20.9250262","Bắc Từ Liêm,Hà Nội"
619,106.6243436,10.76836068,"106.62434358212366,10.768360678988458","6,Hồ Chí Minh"
620,106.9094454,11.52588167,"106.90944541151829,11.52588167183413","Đồng Xoài,Bình Phước"
621,105.711307,18.81991487,"105.71130700318542,18.81991486800365","Thị Xã Cửa Lò,Nghệ An"
622,105.8129522,21.0417468,"105.8129522,21.0417468","Triệu Sơn,Thanh Hóa"
623,0,0,"0,0","Tiền Hải,Thái Bình"
624,105.7782919,21.065518,"105.7782919,21.065518","Bắc Từ Liêm,Hà Nội"
625,0,0,"0,0","Ba Đình,Hà Nội"
626,0,0,"0,0","Thủ Đức,Hồ Chí Minh"
627,0,0,"0,0","Quy Nhơn,Bình Định"
628,0,0,"0,0","Quy Nhơn,Bình Định"
629,0,0,"0,0","Hòa Thành,Tây Ninh"
630,0,0,"0,0","Giồng Trôm,Bến Tre"
631,105.9341976,9.313009293,"105.93419755346874,9.313009293015199","Thị Xã Vĩnh Châu,Sóc Trăng"
632,106.6860208,10.76046044,"106.68602075697446,10.760460441652944","Tân Biên,Tây Ninh"
633,106.7348641,20.76280799,"106.73486408083534,20.76280799063292","Kiến Thụy,Hải Phòng"
634,0,0,"0,0","Cam Lâm,Khánh Hòa"
635,105.2122,21.8224,"105.2122,21.8224","Tuyên Quang,Tuyên Quang"
636,105.7422382,20.96029402,"105.74223823194312,20.960294017813197","Hải Hậu,Nam Định"
637,0,0,"0,0","Lục Ngạn,Bắc Giang"
638,106.6818162,10.7740114,"106.6818162,10.7740114","Cam Lâm,Khánh Hòa"
639,108.2140184,11.7904353,"108.2140184,11.7904353","Lâm Hà,Lâm Đồng"
640,106.6890839,10.8003734,"106.6890839,10.8003734","Sóc Trăng,Sóc Trăng"
641,106.6651256,10.7552224,"106.6651256,10.7552224","Gò Vấp,HCM"
642,0,0,"0,0","Sóc Trăng,Sóc Trăng"
643,105.3549967,19.3106817,"105.3549967,19.3106817","Nghĩa Đàn,Nghệ An"
644,0,0,"0,0","Bến Cát,Bình Dương"
645,0,0,"0,0","Gia Lâm,Hà Nội"
646,0,0,"0,0","Sóc Trăng,Sóc Trăng"
647,107.0871764,10.3714486,"107.0871764,10.3714486","Lộc Ninh,Bình Phước"
648,106.8080539,10.8693635,"106.8080539,10.8693635","Ninh Sơn,Ninh Thuận"
649,0,0,"0,0","Vĩnh Lợi,Bạc Liêu"
650,0,0,"0,0","Chương Mỹ,Hà Nội"
651,106.087962,21.15109293,"106.08796200396984,21.15109292638959","Yên Dũng,Bắc Giang"
652,103.8432487,22.39545411,"103.84324870863209,22.395454110085886","Thị Xã Sa Pa,Lào Cai"
653,0,0,"0,0","Long Biên,Hà Nội"
654,105.6674246,18.6547543,"105.6674246,18.6547543","Vinh,Nghệ An"
655,105.8229791,21.2422014,"105.8229791,21.2422014","Sóc Sơn,Hà Nội"
656,0,0,"0,0","Kiến Xương,Thái Bình"
657,0,0,"0,0","Ba Đình,Hà Nội"
658,105.8240572,21.0131385,"105.8240572,21.0131385","Ba Đình,Hà Nội"
659,0,0,"0,0","Bắc Giang,Bắc Giang"
660,105.9176559,18.40372447,"105.91765593395841,18.403724469734485","Thạch Hà,Hà Tĩnh"
661,106.6949333,10.76343254,"106.6949333212162,10.763432538709608","1,Hồ Chí Minh"
662,106.6651108,10.7552117,"106.6651108,10.7552117","Bến Cát,Bình Dương"
663,106.8264792,10.95084887,"106.8264792024851,10.950848871702338","Biên Hòa,Đồng Nai"
664,106.6623709,10.75586844,"106.66237093257116,10.755868437021872","3,Hồ Chí Minh"
665,106.7044715,10.77587357,"106.70447145627286,10.775873565026238","Tân Phú,Hồ Chí Minh"
666,0,0,"0,0","Hà Đông,Hà Nội"
667,105.8329659,20.79433309,"105.83296587018059,20.794333087465283","Phú Xuyên,Hà Nội"
668,0,0,"0,0","Nam Từ Liêm,Hà Nội"
669,0,0,"0,0","Ninh Bình,Ninh Bình"
670,105.7982828,20.9618639,"105.7982828,20.9618639","Bắc Giang,Bắc Giang"
671,0,0,"0,0","Bình Tân,Hồ Chí Minh"
672,0,0,"0,0","Mỹ Hào,Hưng Yên"
673,105.8573578,21.0225717,"105.8573578,21.0225717","Hoài Đức,Hà Nội"
675,106.6529682,10.72451484,"106.6529681868858,10.724514842460566","Châu Thành,Đồng Tháp"
676,106.681415,10.82035048,"106.68141504050608,10.820350481473561","Bình Thạnh,Hồ Chí Minh"
677,105.6097877,20.39916903,"105.60978769255507,20.39916903025561","Yên Thủy,Hòa Bình"
678,105.8396345,21.00262245,"105.83963452233336,21.002622449731216","Vũ Thư,Thái Bình"
679,0,0,"0,0","Hưng Hà,Thái Bình"
680,0,0,"0,0","Bắc Từ Liêm,Hà Nội"
681,105.8373632,21.020672,"105.8373632,21.020672","Hoàn Kiếm,Hà Nội"
682,0,0,"0,0","Đại Lộc,Quảng Nam"
683,0,0,"0,0","Hải Châu,Đà Nẵng"
684,0,0,"0,0","Văn Lâm,Hưng Yên"
685,106.3511908,20.44694726,"106.35119082269199,20.446947261550314","Thái Bình,Thái Bình"
686,108.0869322,13.67538308,"108.08693223342259,13.675383077276077","Chư Sê,Gia Lai"
687,0,0,"0,0","Gia Nghĩa,Đắk Nông"
688,0,0,"0,0","6,Hồ Chí Minh"
689,106.6816603,10.8207498,"106.6816603,10.8207498","Di Linh,Lâm Đồng"
690,0,0,"0,0","Hóc Môn,Hồ Chí Minh"
691,105.8601553,21.01647188,"105.86015533718309,21.01647188255876","Thị Xã Nghi Sơn,Thanh Hóa"
692,0,0,"0,0","Kim Sơn,Ninh Bình"
693,105.7975138,20.9617121,"105.7975138,20.9617121","Bắc Kạn,Bắc Kạn"
694,105.7255932,20.9383305,"105.7255932,20.9383305","Mỹ Đức,Hà Nội"
695,0,0,"0,0","Hậu Lộc,Thanh Hóa"
696,107.0931068,20.98475065,"107.09310676337648,20.984750654926305","Hạ Long,Quảng Ninh"
697,0,0,"0,0","Bình Giang,Hải Dương"
698,105.8908688,20.99338101,"105.8908687881119,20.993381006003563","Thanh Trì,Hà Nội"
699,0,0,"0,0","Tân Thành,Mỹ Tân"
700,0,0,"0,0","Quảng Xương,Thanh Hóa"
701,105.7983597,20.96420578,"105.79835967962157,20.964205778020304","Hưng Nguyên,Nghệ An"
702,107.1903007,10.4114734,"107.19030072666125,10.41147340024381","Long Điền,Bà Rịa - Vũng Tàu"
703,0,0,"0,0","Đồng Hới,Quảng Bình"
704,108.206878,16.05608921,"108.2068780192543,16.05608920658716","Hải Châu,Đà Nẵng"
705,105.8563151,21.02215255,"105.8563150580354,21.02215255033122","Mỹ Hào,Hưng Yên"
706,107.3005408,20.9914565,"107.3005408,20.9914565","Tiền Hải,Thái Bình"
707,0,0,"0,0","11,Hồ Chí Minh"
708,0,0,"0,0","Hoàng Mai,Hà Nội"
709,0,0,"0,0","Thường Tín,Hà Nội"
710,0,0,"0,0","Tân Bình,Hồ Chí Minh"
711,105.7985219,20.96395096,"105.79852189888894,20.963950960884794","Hưng Yên,Hưng Yên"
712,105.7946441,21.04448689,"105.79464412788572,21.044486893731257","Khoái Châu,Hưng Yên"
713,106.7479251,10.9164105,"106.7479251,10.9164105","Thuận An,Bình Dương"
714,106.6877038,10.81131276,"106.68770378732306,10.811312759771198","Bình Thạnh,Hồ Chí Minh"
715,105.3799228,21.32877181,"105.37992276385081,21.328771806684927","Việt Trì,Phú Thọ"
716,106.1084219,20.6745791,"106.1084219,20.6745791","Tiên Lữ,Hưng Yên"
717,0,0,"0,0","Diễn Châu,Nghệ An"
718,106.856448,10.9838336,"106.856448,10.9838336","ĐĐa,Hà Nội"
719,105.8144256,21.0239488,"105.8144256,21.0239488","Yên Thành,Nghệ An"
720,0,0,"0,0","Phú Xuyên,Hà Nội"
721,105.8391942,21.00316993,"105.83919419604749,21.00316993020945","Thạch Thất,Hà Nội"
722,107.6827345,16.4070786,"107.6827345,16.4070786","Hương Thủy,Thừa Thiên Huế"
723,106.6722,20.8678,"106.6722,20.8678","Thanh Hóa,Thanh Hóa"
724,106.7429657,10.9061633,"106.7429657,10.9061633","Dĩ An,Bình Dương"
725,106.6982154,10.79279279,"106.69821543666491,10.792792792792794","Thị Xã Sông Cầu,Phú Yên"
726,0,0,"0,0","Bình Thạnh,Hồ Chí Minh"
727,106.6818552,10.774063,"106.6818552,10.774063","Sa Đéc,Đồng Tháp"
728,0,0,"0,0","Tiền Hải,Thái Bình"
729,105.7981252,20.96174197,"105.79812520336706,20.96174196691461","Thị Xã Cửa Lò,Nghệ An"
730,107.5466731,16.4476222,"107.5466731,16.4476222","Huế,Thừa Thiên Huế"
731,0,0,"0,0","Thường Tín,Hà Nội"
732,106.6879731,10.9805563,"106.6879731,10.9805563","Thủ Dầu Một,Bình Dương"
733,106.7544006,10.81881514,"106.7544005623073,10.818815137887135","Gò Vấp,Hồ Chí Minh"
734,106.7100516,10.80260905,"106.7100516214541,10.802609046528332","9,Hồ Chí Minh"
735,105.7938184,21.0244347,"105.7938184,21.0244347","Cầu Giấy,Hà Nội"
736,105.7067253,21.12254151,"105.70672528434943,21.122541510285032","Đan Phượng,Hà Nội"
737,105.6505856,18.6318848,"105.6505856,18.6318848","Vinh,Nghệ An"
738,105.9142755,21.0318446,"105.9142755,21.0318446","Long Biên,Hà Nội"
739,105.6805069,18.66531878,"105.68050685438382,18.665318780023206","Vinh,Nghệ An"
740,0,0,"0,0","Tân Bình,Hồ Chí Minh"
741,106.8098984,10.8704098,"106.8098984,10.8704098","Ia Grai,Gia Lai"
742,105.7984593,21.12949222,"105.79845934734051,21.129492220536086","Đông Anh,Hà Nội"
743,0,0,"0,0","Nam Định,Nam Định"
744,105.8003611,20.96600837,"105.8003611478522,20.96600836861732","Vinh,Nghệ An"
745,105.757852,10.03672246,"105.7578520361134,10.036722460222665","Gò Vấp,Hồ Chí Minh"
746,0,0,"0,0","Mỹ Hào,Hưng Yên"
747,0,0,"0,0","Văn Giang,Hưng Yên"
748,105.7991806,20.96405852,"105.79918061593149,20.96405852217964","Thị Xã Phú Thọ,Phú Thọ"
749,105.1334002,21.42498013,"105.13340021097046,21.424980134524304","Cẩm Khê,Phú Thọ"
750,106.2201949,20.6133053,"106.2201949,20.6133053","Hưng Hà,Thái Bình"
751,0,0,"0,0","Mê Linh,Hà Nội"
752,0,0,"0,0","Phổ Yên,Thái Nguyên"
753,107.2531941,16.70452068,"107.25319410016888,16.704520681313664","Hải Lăng,Quảng Trị"
754,107.1451765,11.01880102,"107.14517646103293,11.018801018536179","Thống Nhất,Đồng Nai"
755,107.5727589,16.450754,"107.5727589,16.450754","Huế,Thừa Thiên Huế"
756,0,0,"0,0","Ba Đình,Hà Nội"
757,106.3314543,20.93145033,"106.33145425622678,20.931450334660855","Hải Dương,Hải Dương"
758,0,0,"0,0","Cầu Giấy,Hà Nội"
759,105.8043029,21.0365663,"105.8043029,21.0365663","Cầu Giấy,Hà Nội"
760,106.5112,10.1686,"106.5112,10.1686","Ba Tri,Bến Tre"
761,108.0831395,10.9360005,"108.0831395,10.9360005","Phan Thiết,Bình Thuận"
762,106.6477179,10.785096,"106.6477179,10.785096","Vạn Ninh,Khánh Hòa"
763,0,0,"0,0","6,Hồ Chí Minh"
764,106.6645122,10.5191963,"106.6645122,10.5191963","Cần Giuộc,Long An"
765,106.7044215,10.7717107,"106.70442150154666,10.771710700912514","Thủ Đức,Hồ Chí Minh"
766,106.676224,10.8232704,"106.676224,10.8232704","Gò Vấp,Hồ Chí Minh"
769,0,0,"0,0","Thạch Thất,Hà Nội"
770,105.7481118,21.05168964,"105.74811179247193,21.051689637440088","Vĩnh Tường,Vĩnh Phúc"
771,106.7407,10.6969,"106.7407,10.6969","Nhà Bè,Hồ Chí Minh"
773,0,0,"0,0","1,Hồ Chí N"
774,0,0,"0,0","Quốc Oai,Hà Nội"
775,106.9027491,11.53734488,"106.90274907180451,11.537344876204727","Đồng Xoài,Bình Phước"
776,105.3376053,20.82897657,"105.33760526303062,20.828976574030353","Hòa Bình,Hoà Bình"
777,107.5878891,16.46256012,"107.58788907703577,16.462560116812792","Phong Điền,Thừa Thiên Huế"
778,0,0,"0,0","Ân Thi,Hưng Yên"
779,106.6867106,10.77413749,"106.68671062282759,10.774137491604074","3,Hồ Chí Minh"
780,106.7730729,10.8768991,"106.7730729,10.8768991","Thủ Đức,Hồ Chí Minh"
781,106.8101719,10.87077988,"106.8101718863044,10.870779883903817","Củ Chi,Hồ Chí Minh"
782,106.6787037,10.76838749,"106.67870365539979,10.768387492617883","3,Hồ Chí Minh"
783,0,0,"0,0","9,Hồ Chí Minh"
784,0,0,"0,0","Huế,Thừa Thiên Huế"
785,106.7199874,20.86106217,"106.71998735937474,20.861062168750674","Vĩnh Bảo,Hải Phòng"
786,106.1890503,21.20128,"106.18905033066953,21.201280003412094","Yên Dũng,Bắc Giang"
787,0,0,"0,0","Việt Trì,Phú Thọ"
788,105.704241,19.817877,"105.704241,19.817877","Đông Sơn,Thanh Hóa"
789,106.8101941,10.8706216,"106.8101941,10.8706216","9,Hồ Chí Minh"
790,105.8212525,21.00028628,"105.82125253650533,21.00028628179847","Hưng Yên,Hưng Yên"
791,0,0,"0,0","Yên Thủy,Hòa Bình"
793,105.7718272,20.9649664,"105.7718272,20.9649664","Hoàn Kiếm,Hà Nội"
794,107.0824307,10.52676059,"107.08243070150253,10.52676059232452","Tân Thành,Bà Rịa - Vũng Tàu"
795,106.7367442,10.9074677,"106.7367442,10.9074677","Thuận An,Bình Dương"
796,0,0,"0,0","Krông Năng,Đắk Lắk"
797,106.6966163,20.83418071,"106.69661628428459,20.834180707025386","Ngô Quyền,Hải Phòng"
798,0,0,"0,0","Nam Định,Nam Định"
799,106.2768021,20.92297274,"106.27680205624829,20.922972737030257","Hải Dương,Hải Dương"
800,0,0,"0,0","Thái Nguyên,Thái Nguyên"
801,0,0,"0,0","Thị Xã Hoàng Mai,Nghệ An"
802,105.8130538,21.04126862,"105.81305381478539,21.041268620733486","Ý Yên,Nam Định"
803,106.681338,10.8207043,"106.681338,10.8207043","Gò Vấp,Hồ Chí Minh"
804,106.6970338,10.8223245,"106.6970338,10.8223245","Pleiku,Gia Lai"
805,0,0,"0,0","Cẩm Giàng,Hải Dương"
806,0,0,"0,0","Quy Nhơn,Bình Định"
807,0,0,"0,0","Tịnh Biên,An Giang"
808,0,0,"0,0","Vinh,Nghệ An"
809,109.0157019,14.42894944,"109.01570191178536,14.428949436872694","Thị Xã Hoài Nhơn,Bình Định"
810,106.7009,10.7765,"106.7009,10.7765","Cẩm Lệ,Đà Nẵng"
811,0,0,"0,0","Tân Phú,Hồ Chí Minh"
812,106.6804796,10.83319641,"106.68047960840401,10.833196414667182","Gò Vấp,Hồ Chí Minh"
813,105.6174675,21.0223491,"105.6174675,21.0223491","Thạch Thất,Hà Nội"
814,105.1497569,9.180167,"105.1497569,9.180167","Cà Mau,Cà Mau"
815,0,0,"0,0","Hoàng Mai,Hà Nội"
816,105.537259,21.0090105,"105.537259,21.0090105","HBT,Hà Nội"
817,0,0,"0,0","Tây Ninh,Tây Ninh"
818,106.8079405,10.86980052,"106.80794049995653,10.86980051827698","Phú Quí,Bình Thuận"
819,0,0,"0,0","Thái Bình,Thái Bình"
820,0,0,"0,0","3,Hồ Chí Minh"
821,0,0,"0,0","Long Xuyên,An Giang"
822,106.8102434,10.8707601,"106.81024335786117,10.870760099341155","An Nhơn,Bình Định"
823,0,0,"0,0","Nam Từ Liêm,Hà Nội"
824,105.829258,21.0020694,"105.829258,21.0020694","Thanh Xuân,Hà Nội"
825,105.5980477,18.6262421,"105.5980477,18.6262421","Hưng Nguyên,Nghệ An"
828,0,0,"0,0","Thủ Đức,Hồ Chí Minh"
829,106.6908841,17.23807307,"106.69088412086171,17.23807307427492","Lệ Thủy,Quảng Bình"
830,0,0,"0,0","Biên Hòa,Đồng Nai"
831,106.6729472,10.7216896,"106.6729472,10.7216896","Chợ Gạo,Tiền Giang"
832,0,0,"0,0","Quy Nhơn,Bình Định"
833,0,0,"0,0","Thủ Đức,Hồ Chí Minh"
834,105.7756573,20.9728501,"105.7756573,20.9728501","Xuân Trường,Nam Định"
835,0,0,"0,0","Vĩnh Tường,Vĩnh Phúc"
836,0,0,"0,0","Chương Mỹ,Hà Nội"
837,105.8526793,21.0374344,"105.85267931936275,21.03743439622082","Hai Bà Trưng,Hà Nội"
838,0,0,"0,0","Quy Nhơn,Bình Định"
839,0,0,"0,0","Nam Từ Liêm,Hà Nội"
840,105.8792872,21.0436453,"105.8792872,21.0436453","Xuân Trường,Nam Định"
841,0,0,"0,0","Hạ Long,Quảng Ninh"
842,105.6056947,10.67039227,"105.60569465365147,10.67039227126122","Tam Nông,Đồng Tháp"
843,106.7641628,10.8565698,"106.7641628,10.8565698","Hồng Ngự,Đồng Tháp"
844,0,0,"0,0","Cầu Giấy,Hà Nội"
845,105.2540928,21.4237184,"105.2540928,21.4237184","Phú Thọ,Phú Thọ"
846,0,0,"0,0","Vĩnh Thuận,Kiên Giang"
847,0,0,"0,0","6,HCM"
848,106.626856,11.1830646,"106.626856,11.1830646","Bàu Bàng,Bình Dương"
849,105.7024386,18.1736196,"105.70243861290939,18.17361959693198","Hương Khê,Hà Tĩnh"
850,106.6602901,10.7567576,"106.6602901,10.7567576","Biên Hòa,Đồng Nai"
851,0,0,"0,0","Hòa Thành,Tây Ninh"
852,0,0,"0,0","Nha Trang,Khánh Hòa"
853,105.8486981,21.0036074,"105.8486981,21.0036074","Hai Bà Trưng,Hà Nội"
854,105.3934355,21.32421277,"105.39343548929284,21.32421277175905","Lâm Thao,Phú Thọ"
855,0,0,"0,0","Nam Định,Nam Định"
856,105.9067162,21.10070448,"105.90671620249613,21.100704481752036","Gia Lâm,Hà Nội"
857,-79.2788992,43.8206464,"-79.2788992,43.8206464","Hà Đông,Hà Nội"
858,105.7619968,20.9846272,"105.7619968,20.9846272","Hoài Đức,Hà Nội"
859,0,0,"0,0","Đống Đa,Hà Nội"
860,107.6017488,16.48584981,"107.60174880845793,16.485849807298923","Huế,Thừa Thiên Huế"
861,0,0,"0,0","Thị Xã Sơn Tây,Hà Nội"
862,106.6703367,10.808305,"106.67033671251903,10.808305001153942","Ngô Quyền,Hải Phòng"
863,0,0,"0,0","Cầu Giấy,Hà Nội"
864,109.2474818,13.5508646,"109.2474818,13.5508646","Thị Xã Sông Cầu,Phú Yên"
865,106.8310933,10.5843936,"106.8310933,10.5843936","Cần Giờ,Hồ Chí Minh"
866,0,0,"0,0","Thị Xã Phổ Yên,Thái Nguyên"
867,0,0,"0,0","Thống Nhất,Đồng Nai"
868,105.6556487,18.7314671,"105.6556487,18.7314671","Vinh,Nghệ An"
869,105.7900902,20.98273184,"105.7900902337853,20.982731842620872","Hà Đông,Hà Nội"
870,105.6662421,20.9219609,"105.6662421,20.9219609","Chương Mỹ,Hà Nội"
871,105.7995709,20.96385044,"105.79957085698967,20.963850444458274","Kỳ Anh,Hà Tĩnh"
872,106.7629835,10.85603597,"106.76298347125835,10.856035968890554","Hồng Ngự,Đồng Tháp"
873,0,0,"0,0","Thanh Hà,Hải Dương"
874,106.6723719,10.79844443,"106.67237190734686,10.798444426339968","Phú Nhuận,Hồ Chí Minh"
875,0,0,"0,0","Bình Xuyên,Vĩnh Phúc"
876,0,0,"0,0","Đông Anh,Hà Nội"
877,0,0,"0,0","Cầu Giấy,Hà Nội"
878,106.7105015,10.79349275,"106.71050147553979,10.793492745425079","Bình Thạnh,Hồ Chí Minh"
879,0,0,"0,0","Quỳnh Lưu,Nghệ An"
880,108.1640122,16.0699869,"108.1640122,16.0699869","Hải Châu,Đà Nẵng"
881,0,0,"0,0","Nam Từ Liêm,Hà Nội"
882,109.1108864,12.2683392,"109.1108864,12.2683392","Nha Trang,Khánh Hòa"
883,0,0,"0,0","Thọ Xuân,Thanh Hóa"
884,105.9869971,21.2217339,"105.9869971,21.2217339","Yên Phong,Bắc Ninh"
885,105.8129651,21.04163308,"105.81296509066924,21.04163308357264","Vĩnh Bảo,Hải Phòng"
886,0,0,"0,0","Kim Bôi,Hoà Bình"
887,105.6705801,20.7635461,"105.6705801,20.7635461","Ứng Hòa,Hà Nội"
888,0,0,"0,0","Thị Xã Từ Sơn,Bắc Ninh"
889,105.8690453,20.9922581,"105.8690453,20.9922581","Lạng Sơn,Lạng Sơn"
890,106.601578,10.75156888,"106.60157803630558,10.751568879980445","1,Hồ Chí Minh"
891,106.5811968,10.5906176,"106.5811968,10.5906176","Châu Thành,Long An"
892,105.3713346,21.51126928,"105.3713345980913,21.51126927579295","Lập Thạch,Vĩnh Phúc"
893,0,0,"0,0","Thọ Xuân,Thanh Hóa"
894,108.9427399,10.54842884,"108.94273990971897,10.548428836021172","Phú Quý,Bình Thuận"
895,105.8404078,20.95464398,"105.84040778703701,20.954643977966107","Thanh Trì,Hà Nội"
896,108.1675973,16.05558999,"108.16759726717666,16.05558999172226","Liên Chiểu,Đà Nẵng"
897,0,0,"0,0","Bù Đốp,Bình Phước"
898,106.6678623,10.77659363,"106.6678623475276,10.77659362811462","Thành Ph . Long Xuyên,An Giang"
899,0,0,"0,0","Tam Dương,Vĩnh Phúc"
900,0,0,"0,0","Vinh,Nghệ An"
901,0,0,"0,0","Thanh Hóa,Thanh Hóa"
902,105.8305442,21.00169839,"105.83054420632165,21.001698391918495","Hai Bà Trưng,Hà Nội"
903,0,0,"0,0","Hải Châu,Đà Nẵng"
904,105.8010486,21.026804,"105.8010486,21.026804","Đống Đa,Hà Nội"
905,0,0,"0,0","Thị Xã Đông Triều,Quảng Ninh"
906,108.1746132,16.05097383,"108.17461317927906,16.050973830790607","Thanh Khê,Đà Nẵng"
907,107.5698248,16.4758688,"107.56982482742723,16.475868804688265","TT- Huế,Thừa Thiên Huế"
908,105.7809982,20.97350502,"105.78099821975732,20.973505020089526","Chương Mỹ,Hà Nội"
909,0,0,"0,0","Hạ Long,Quảng Ninh"
910,0,0,"0,0","Hải Dương,Hải Dương"
911,105.8782801,20.60934741,"105.87828005181545,20.60934741264368","Thanh Liêm,Hà Nam"
912,105.7030249,21.24072266,"105.70302490795365,21.240722664048352","Phúc Yên,Vĩnh Phúc"
913,105.8503716,21.01583221,"105.85037158107527,21.015832213698175","Yên Lạc,Vĩnh Phúc"
914,0,0,"0,0","Bắc Ninh,Bắc Ninh"
915,0,0,"0,0","Tiểu Cần,Trà Vinh"
916,108.2175508,16.07478787,"108.21755081587958,16.07478787343213","Hải Châu,Đà Nẵng"
917,0,0,"0,0","Lạng Sơn,Lạng Sơn"
918,105.692356,18.68707648,"105.69235604266234,18.687076480145276","Nam Đàn,Nghệ An"
919,105.8588025,21.00465619,"105.85880249852232,21.004656191259127","Cẩm Phả,Quảng Ninh"
920,106.6545098,10.79192164,"106.65450984759387,10.791921639348445","Cà Mau,Cà Mau"
921,106.7678031,10.7780768,"106.7678031,10.7780768","Thủ Đức,Hồ Chí Minh"
922,106.1123763,21.0611225,"106.1123763,21.0611225","Thuận Thành,Bắc Ninh"
923,106.7521262,10.7905395,"106.7521262,10.7905395","Móng Cái,Quảng Ninh"
924,106.6993333,20.8617825,"106.6993333,20.8617825","Ngô Quyền,Hải Phòng"
925,0,0,"0,0","Hoài Đức,Hà Nội"
926,105.6601435,18.72174105,"105.6601434683883,18.72174104671738","Vinh,Nghệ An"
927,0,0,"0,0","Thọ Xuân,Thanh Hóa"
928,0,0,"0,0","Pleiku,Gia Lai"
929,0,0,"0,0","Hậu Lộc,Thanh Hóa"
930,105.7987318,20.9954975,"105.7987318,20.9954975","Thanh Xuân,Hà Nội"
931,0,0,"0,0","Đồng Xoài,Bình Phước"
932,105.8602752,21.01681043,"105.86027524747361,21.016810426665987","Gia Lâm,Hà Nội"
933,0,0,"0,0","Hoài Đức,Hà Nội"
934,105.6556574,18.7314592,"105.6556574,18.7314592","Lộc Hà,Hà Tĩnh"
935,106.8931886,10.96804377,"106.8931885848211,10.968043772197298","Biên Hòa,Đồng Nai"
936,105.8281623,21.00449225,"105.82816227780494,21.004492251175","Văn Lâm,Hưng Yên"
937,0,0,"0,0","Tân An,Long An"
938,0,0,"0,0","Bình Chánh,Hồ Chí Minh"
939,106.6813329,10.81997058,"106.68133294755363,10.819970577925098","Đồng Xoài,Bình Phước"
940,0,0,"0,0","Ba Vì,Hà Nội"
941,106.777009,10.829364,"106.777009,10.829364","Móng Cái,Quảng Ninh"
942,0,0,"0,0","Đông Hưng,Thái Bình"
943,106.1314309,11.30857086,"106.13143093897781,11.308570859997232","Tây Ninh,Tây Ninh"
944,106.7609656,10.9815679,"106.7609656,10.9815679","Tân Uyên,Bình Dương"
945,105.8389947,20.86398644,"105.83899473113738,20.863986442396296","Thường Tín,Hà Nội"
946,0,0,"0,0","Buôn Ma Thuột,Đắk Lắk"
947,105.7384817,21.0460248,"105.7384817,21.0460248","Hoàng Mai,Hà Nội"
948,0,0,"0,0","Nam Từ Liêm,Hà Nội"
949,105.8601,21.0161864,"105.8601,21.0161864","Hậu Lộc,Thanh Hóa"
950,106.6818711,10.77403616,"106.6818710692988,10.774036158473391","Hàm Tân,Bình Thuận"
951,0,0,"0,0","Triệu Sơn,Thanh Hóa"
952,106.4480087,10.94682241,"106.44800866963942,10.946822413253548","Củ Chi,HCM"
953,105.8126989,21.04165208,"105.81269886493817,21.04165208364171","Vũ Thư,Thái Bình"
954,0,0,"0,0","Gò Vấp,Hồ Chí Minh"
955,0,0,"0,0","5,Hồ Chí Minh"
